"Name","acc","accuracy_max_disparity","eo2_max_diff","eo_max_diff","max_diff_dp","method","coeff","seed","f1","f2"
"CFair","0.7843554523763462","0.05675323648082531","0.03128054411659256","0.05395394574157564","0.1148357601394491","c-fair","","2","",""
"iconic-wave-611","0.812536273940801","0.05914202667388846","0.036468381861432766","0.011778177843205673","0.04411246040941347","VAE-BFC","","3","2","0.5"
"comic-lake-643","0.812536273940801","0.05914202667388846","0.036468381861432766","0.011778177843205673","0.04411246040941347","VAE-BFC","","3","2","0.5"
"toasty-cloud-574","0.820468175662604","0.05921359746716348","0.0077295413672310576","0.17840883091791904","0.09381684656719784","VAE-BFC","","6","8","0"
"electric-resonance-1082","0.820468175662604","0.05921359746716348","0.0077295413672310576","0.17840883091791904","0.09381684656719784","VAE-BFC","","6","8","0"
"treasured-pyramid-1087","0.8168569033339782","0.060539337076137234","0.003181581058521024","0.20069758520199585","0.09885623377855383","VAE-BFC","","7","2","1"
"sage-firefly-1023","0.8158251112400852","0.06266453727445576","0.007270853254935067","0.15598950328975497","0.08933166844113932","VAE-BFC","","7","1.5","1.5"
"copper-wind-531","0.8236925259560198","0.06341468853415622","0.010439801591674812","0.1275990450813137","0.08615783317649575","VAE-BFC","","3","",""
"soft-totem-538","0.8236925259560198","0.06341468853415622","0.010439801591674812","0.1275990450813137","0.08615783317649575","VAE-BFC","","3","",""
"misty-haze-799","0.8141484490875088","0.06400773317447239","0.030621837909426505","0.01010845676173483","0.04935694965541845","VAE-BFC","","2","2","1"
"smart-lion-573","0.8231766299090734","0.06447728863331548","0.008890187719839446","0.210530451321564","0.11491436975975752","VAE-BFC","","6","7","0"
"treasured-monkey-1015","0.8185335654865544","0.06472646311029584","0.0004026228899143697","0.15387317515085264","0.09772031725701529","VAE-BFC","","7","1","1.5"
"vivid-gorge-1022","0.8171148513574514","0.06510175459750844","0.0009191207433141556","0.16992965216647754","0.09737644709367956","VAE-BFC","","7","1.5","1"
"neat-spaceship-644","0.8144708841168504","0.06527194405007197","0.03289560751841851","0.0014351512686413548","0.0454133294962028","VAE-BFC","","3","2.5","0.5"
"honest-capybara-681","0.8084091055652286","0.06589641001426505","0.043830070401556925","0.028889641258403487","0.027138788888533934","VAE-BFC","","0","2","1"
"dulcet-flower-642","0.8149222931579286","0.06605220271926959","0.032689513685929844","0.029652282029179133","0.04341293239373689","VAE-BFC","","3","1.5","0.5"
"true-cherry-631","0.8083446185593602","0.06686606005617313","0.04086595262512771","0.010034503717296028","0.03283188604413077","VAE-BFC","","0","3.5","0.5"
"prime-butterfly-1014","0.820274714644999","0.06707073037609745","0.005466539649662136","0.1569584037235358","0.1046798026320408","VAE-BFC","","7","1","1"
"honest-hill-628","0.811117559811698","0.06708512712365633","0.034090723154744346","0.02053410275313322","0.04025131653282321","VAE-BFC","","0","2","0.5"
"vague-blaze-608","0.811117559811698","0.06708512712365633","0.034090723154744346","0.02053410275313322","0.04025131653282321","VAE-BFC","","0","2","0.5"
"driven-meadow-630","0.8104726897530148","0.067467401127286","0.036869260232624955","0.002393652055547979","0.03782414126967151","VAE-BFC","","0","3","0.5"
"solar-lake-613","0.8104726897530148","0.067467401127286","0.036869260232624955","0.002393652055547979","0.03782414126967151","VAE-BFC","","0","3","0.5"
"soft-yogurt-1016","0.8172438253691882","0.0678195677214184","0.0021481642609954","0.1400601330692593","0.09251946873861704","VAE-BFC","","7","1","2"
"happy-moon-1017","0.8117624298703812","0.06815820099744119","0.02060643561378424","0.04312502455472178","0.0608998001010663","VAE-BFC","","7","1","2.5"
"quiet-wind-1092","0.814793319146192","0.06828257237856905","0.006064428324824095","0.1433325552856783","0.08665924167394043","VAE-BFC","","7","2","1.5"
"cerulean-meadow-534","0.8240149609853614","0.06846280389103354","0.016539661693304467","0.2175975891307513","0.12314330289769553","VAE-BFC","","6","",""
"polished-firebrand-572","0.8240149609853614","0.06846280389103354","0.016539661693304467","0.2175975891307513","0.12314330289769553","VAE-BFC","","6","6","0"
"breezy-thunder-547","0.8240149609853614","0.06846280389103354","0.016539661693304467","0.2175975891307513","0.12314330289769553","VAE-BFC","","6","",""
"winter-snow-545","0.8240149609853614","0.06846280389103354","0.016539661693304467","0.2175975891307513","0.12314330289769553","VAE-BFC","","6","",""
"still-puddle-541","0.8240149609853614","0.06846280389103354","0.016539661693304467","0.2175975891307513","0.12314330289769553","VAE-BFC","","6","",""
"wobbly-totem-1046","0.8184045914748178","0.06870325022249268","0.022122843474080302","0.019113395438483782","0.05722673368280701","VAE-BFC","","8","1.5","1"
"lucky-glade-575","0.8245953440381764","0.06905017992931217","0.008396729544735956","0.18188057969942703","0.1105727649349738","VAE-BFC","","6","9","0"
"legendary-sun-1018","0.8118269168762494","0.06922603798391325","0.017516231242814387","0.07183671629994426","0.06608450624280139","VAE-BFC","","7","1","3"
"still-sky-629","0.813761527052299","0.06953456385043888","0.013013087018518846","0.10992773400938743","0.07476030166122699","VAE-BFC","","0","2.5","0.5"
"playful-flower-1019","0.8085380795769652","0.06977850144010644","0.02062947529208056","0.04774766759030935","0.05907963451106485","VAE-BFC","","7","1","3.5"
"bumbling-butterfly-632","0.8219513767975752","0.06980250853284153","0.001343880974254752","0.11256982207359711","0.09250026681847008","VAE-BFC","","1","1.5","0.5"
"rare-dust-616","0.8160830592635584","0.06984658097517304","0.012576596403067087","0.09753193269348548","0.07522679757658628","VAE-BFC","","3","3","0.5"
"morning-glitter-645","0.8160830592635584","0.06984658097517304","0.012576596403067087","0.09753193269348548","0.07522679757658628","VAE-BFC","","3","3","0.5"
"northern-violet-856","0.8084091055652286","0.07084459279747424","0.02315541809015384","0.060655362635686494","0.05615454200867703","VAE-BFC","","3","1.5","2"
"different-totem-1024","0.8169213903398466","0.07092140047806217","0.0009881194665670725","0.16151229353812163","0.09606990940485272","VAE-BFC","","7","1.5","2"
"zesty-moon-646","0.818017669439608","0.07131938514363012","0.003251421963226031","0.1870769365875754","0.1007671720819773","VAE-BFC","","3","3.5","0.5"
"visionary-cosmos-634","0.8199522796156574","0.07133684143467289","0.0018154424316040307","0.15798045790800702","0.09781807248685438","VAE-BFC","","1","2.5","0.5"
"stellar-salad-1103","0.8122783259173276","0.07146164453052539","0.004662797765283541","0.1563690904006637","0.08661516923160897","VAE-BFC","","7","4","1"
"deep-monkey-791","0.8175662603985296","0.07170340477636405","0.02152507511055436","0.013977125398942023","0.05640414820038214","VAE-BFC","","2","1.5","1"
"visionary-smoke-675","0.8116334558586444","0.07184391853415506","0.027371197971834557","0.007751781228406307","0.04715974694910019","VAE-BFC","","0","1.5","1"
"winter-frost-1025","0.813374605017089","0.07215069877157643","0.008177762367194003","0.11346130291398104","0.07949814552247449","VAE-BFC","","7","1.5","2.5"
"valiant-dawn-633","0.8211130457212872","0.07222052393574718","0.0054901207303205","0.08122124208760201","0.0836926857877748","VAE-BFC","","1","2","0.5"
"still-pyramid-1112","0.8211130457212872","0.07222052393574718","0.0054901207303205","0.08122124208760201","0.0836926857877748","VAE-BFC","","1","2","0.5"
"elated-terrain-609","0.8211130457212872","0.07222052393574718","0.0054901207303205","0.08122124208760201","0.0836926857877748","VAE-BFC","","1","2","0.5"
"earthy-deluge-849","0.812536273940801","0.07253122714610172","0.012979159137163436","0.07607630567566509","0.07055397370692149","VAE-BFC","","3","1","2.5"
"desert-aardvark-1093","0.8116979428645128","0.07262068594514426","0.005191447093920554","0.13722738481235577","0.08387815418755214","VAE-BFC","","7","2","2"
"confused-vortex-577","0.8248532920616496","0.07273938872423458","0.0031823029283370996","0.12843563889652815","0.09874757305936442","VAE-BFC","","6","11","0"
"polar-voice-638","0.8183401044689496","0.07287466559471267","0.007787772199060891","0.06169301629046908","0.07814665319166134","VAE-BFC","","2","2","0.5"
"rich-leaf-610","0.8183401044689496","0.07287466559471267","0.007787772199060891","0.06169301629046908","0.07814665319166134","VAE-BFC","","2","2","0.5"
"polished-tree-627","0.8151157541755336","0.07303961815996352","0.02337450557933181","0.02772488080849167","0.05155764361994525","VAE-BFC","","0","1.5","0.5"
"floral-bee-1072","0.8151157541755336","0.07303961815996352","0.029266286706478583","0.045327438659416186","0.04306033408487986","VAE-BFC","","6","2","1.5"
"amber-violet-862","0.8131166569936158","0.07311860318438035","0.008200380954764275","0.12078265431342684","0.07933668421543225","VAE-BFC","","3","2","1"
"brisk-lake-854","0.813568066034694","0.07331672270261225","0.025648275188323813","0.018156627926056212","0.04860112979368053","VAE-BFC","","3","1.5","1"
"driven-wildflower-784","0.8171793383633198","0.07402847012201874","0.014932057612911262","0.015121086555105412","0.06515020049770327","VAE-BFC","","2","1","1.5"
"zany-totem-1113","0.8244663700264396","0.07419124534344057","0.004066593453025763","0.12092016075543031","0.09844952096746444","VAE-BFC","","1","4","1"
"tough-dawn-1091","0.8262075191848842","0.07420695600537897","0.01920594801478582","0.2360933610965388","0.12548888407787667","VAE-BFC","","9","8","0"
"whole-meadow-617","0.8184045914748178","0.0742335721566677","0.032906916812203646","0.0806561946074365","0.03685492294248796","VAE-BFC","","4","3","0.5"
"leafy-forest-736","0.8207261236860772","0.07425451970591901","0.01118669622803771","0.05025744903595275","0.07335077185524821","VAE-BFC","","1","2","1"
"graceful-lion-521","0.8207261236860772","0.07425451970591901","0.01118669622803771","0.05025744903595275","0.07335077185524821","VAE-BFC","","1","",""
"vocal-butterfly-885","0.8279486683433288","0.07451373624280022","0.02020543693095604","0.23750713531327208","0.12733523410444214","VAE-BFC","","3","8","0"
"polar-meadow-855","0.8135035790288256","0.0745774423200034","0.02183421585928736","0.023208545274284953","0.05536031830664517","VAE-BFC","","3","1.5","1.5"
"wild-forest-615","0.8198877926097892","0.07521718723141013","0.0023893289353815877","0.11854095265387432","0.09390281410803177","VAE-BFC","","2","3","0.5"
"pleasant-river-640","0.8198877926097892","0.07521718723141013","0.0023893289353815877","0.11854095265387432","0.09390281410803177","VAE-BFC","","2","3","0.5"
"stellar-universe-635","0.8223382988327852","0.0753363217252252","0.003354889970196409","0.1363977240950574","0.09714647453684612","VAE-BFC","","1","3","0.5"
"woven-smoke-614","0.8223382988327852","0.0753363217252252","0.003354889970196409","0.1363977240950574","0.09714647453684612","VAE-BFC","","1","3","0.5"
"clear-morning-544","0.8289159734313536","0.07539567311477025","0.02288092709259232","0.2148353273693284","0.12910826770862832","VAE-BFC","","9","",""
"scarlet-thunder-676","0.8092474366415168","0.07541224720615813","0.0304601390706263","0.010069169206876729","0.04035779990818367","VAE-BFC","","0","1.5","1.5"
"easy-shadow-1100","0.8148578061520604","0.07546287045018196","0.001871688121439674","0.13009842688008283","0.08727454777788736","VAE-BFC","","7","3","1.5"
"feasible-planet-848","0.8142129360933772","0.07555407487832877","0.011635338318726691","0.05115412969977379","0.06966330868943009","VAE-BFC","","3","1","2"
"giddy-meadow-925","0.8176952344102664","0.07558549620220556","0.018457910417880807","0.008775568687356572","0.05857473475541164","VAE-BFC","","4","2","1"
"eager-blaze-527","0.8292384084606952","0.07578667526392124","0.025729425386813946","0.2270404684925365","0.1333743787672037","VAE-BFC","","3","",""
"firm-snow-522","0.820661636680209","0.07580630889879292","0.006122959935743959","0.15836524484235287","0.10113722668187704","VAE-BFC","","1","",""
"atomic-dust-619","0.820661636680209","0.07580630889879292","0.006122959935743959","0.15836524484235287","0.10113722668187704","VAE-BFC","","1","4","0.5"
"denim-pine-618","0.8128587089701426","0.07583292505008166","0.026887364727612044","0.011257617741335324","0.047367908527232994","VAE-BFC","","0","4","0.5"
"swift-mountain-641","0.8224672728445218","0.07601664782075468","0.001124372394350745","0.11250106885259542","0.08969430880989727","VAE-BFC","","2","3.5","0.5"
"prime-pine-721","0.820661636680209","0.07609737847427589","0.02095034642532473","0.04487389850406859","0.05398787842658076","VAE-BFC","","1","1","1.5"
"pretty-dawn-571","0.8271103372670406","0.07634961249474015","0.030782574255138632","0.24213671144677573","0.1395483685857187","VAE-BFC","","6","5","0"
"dandy-vortex-682","0.8106016637647514","0.07658874491181966","0.025452227377442155","0.005669540820924968","0.047531115463379514","VAE-BFC","","0","2","1.5"
"comic-grass-1047","0.820468175662604","0.07667777199613734","0.010004574248401177","0.007222554754140797","0.07065433799531429","VAE-BFC","","8","1.5","1.5"
"sunny-silence-637","0.820661636680209","0.07667951762524161","0.012059557147305236","0.12843737217100715","0.10614213302587236","VAE-BFC","","2","1.5","0.5"
"restful-violet-576","0.827368285290514","0.07683705595935064","0.013026381454298186","0.16729796374914202","0.11236631437368648","VAE-BFC","","6","10","0"
"lemon-morning-687","0.808280131553492","0.07685886693805133","0.02803597991661922","0.02300921870919581","0.0443991752972384","VAE-BFC","","0","3","1"
"ruby-glitter-639","0.821886889791707","0.07688461965989057","0.017194397616482116","0.174236261488721","0.11588925668897856","VAE-BFC","","2","2.5","0.5"
"solar-surf-553","0.8203392016508674","0.07745279377802228","0.014759470571051952","0.016481707021148262","0.06272171132017199","VAE-BFC","","6","2","1"
"zesty-butterfly-1071","0.8203392016508674","0.07745279377802228","0.014759470571051952","0.016481707021148262","0.06272171132017199","VAE-BFC","","6","2","1"
"wise-moon-549","0.8203392016508674","0.07745279377802228","0.014759470571051952","0.016481707021148262","0.06272171132017199","VAE-BFC","","6","",""
"eager-bush-794","0.8115044818469078","0.07756712309924918","0.010176740199534448","0.05719054695209458","0.06977546066682808","VAE-BFC","","2","1.5","2.5"
"magic-sea-999","0.8171148513574514","0.07761774634327301","0.020330380564954575","0.041278509476389336","0.05283232827017054","VAE-BFC","","6","1.5","1.5"
"earthy-field-508","0.8189849745276326","0.07773164394977539","0.0003694168783750437","0.15245073456172423","0.09191377297984632","VAE-BFC","","7","",""
"confused-flower-1026","0.8109885857999614","0.07775651447195986","0.01059007082505388","0.19497546838854","0.10434946578681452","VAE-BFC","","7","1.5","3"
"absurd-valley-974","0.8245953440381764","0.0777822671937991","0.005203057166795727","0.07730635279762055","0.09519189550581592","VAE-BFC","","5","1.5","1"
"dutiful-cherry-729","0.8209840717095506","0.0779437285008413","0.013323069948703928","0.009146489425870152","0.06616872815453105","VAE-BFC","","1","1.5","1.5"
"lively-spaceship-918","0.818856000515896","0.07821559615617724","0.01896309897749547","0.03080837610669579","0.05557283457243592","VAE-BFC","","4","1.5","1.5"
"vague-breeze-1040","0.8196298445863158","0.0782225786725943","0.008396849856371971","0.0004853168541299469","0.07102439259521402","VAE-BFC","","8","1","2"
"playful-oath-728","0.8219513767975752","0.0782435262218456","0.0005969863378918611","0.06702514634614182","0.08602647927895082","VAE-BFC","","1","1.5","1"
"helpful-totem-1039","0.8232411169149416","0.07835218694103496","0.006915212058883402","0.015449253189802836","0.073219849672428","VAE-BFC","","8","1","1.5"
"fluent-violet-626","0.8197588185980524","0.07861183519264103","0.005181280760677538","0.14365378882245955","0.09718138711893153","VAE-BFC","","3","5","0.5"
"icy-plasma-1090","0.83020571354872","0.07870609916427163","0.04048967798349998","0.3208868818854329","0.15672802434090208","VAE-BFC","","8","8","0"
"chocolate-snowball-543","0.8297543045076418","0.0787990492215227","0.03600957343750075","0.27373950502302946","0.147850618146036","VAE-BFC","","8","",""
"faithful-snow-554","0.8193718965628426","0.07889941350991547","0.00503016934584638","0.06458065157254217","0.07899848265413406","VAE-BFC","","6","3","1"
"crisp-energy-1075","0.8193718965628426","0.07889941350991547","0.00503016934584638","0.06458065157254217","0.07899848265413406","VAE-BFC","","6","3","1"
"wild-cherry-1107","0.819242922551106","0.07909229614083446","0.01794171334357105","0.2051931214424541","0.11665511861061736","VAE-BFC","","8","3","1"
"easy-silence-1038","0.823499064938415","0.07913069998112843","0.013876022227815366","0.07756403293683717","0.06018499313817599","VAE-BFC","","8","1","1"
"sandy-serenity-523","0.8191784355452376","0.07918873745629407","0.005376486390107113","0.14204762113855335","0.09679387622798909","VAE-BFC","","3","",""
"lucky-sun-621","0.8191784355452376","0.07918873745629407","0.005376486390107113","0.14204762113855335","0.09679387622798909","VAE-BFC","","3","4","0.5"
"fragrant-lake-850","0.812536273940801","0.0792258273822084","0.007580415094394097","0.07344115070937152","0.07359427773019114","VAE-BFC","","3","1","3"
"royal-dragon-677","0.8089894886180434","0.0792908473737911","0.030104076783848605","0.03467184492046582","0.037061338891516526","VAE-BFC","","0","1.5","2"
"volcanic-paper-780","0.8180821564454762","0.07937289194169173","0.004894036729698736","0.007159001356576156","0.07469265384088518","VAE-BFC","","2","0.5","3.5"
"dark-moon-668","0.8156961372283484","0.07944838570790014","0.022880626313502295","0.07538761794932836","0.04592389785389356","VAE-BFC","","0","1","1"
"vital-sky-720","0.827174824272909","0.07945493650959246","0.00778765188742489","0.07525184478180391","0.09839366083612784","VAE-BFC","","1","1","1"
"mild-mountain-1055","0.821886889791707","0.07950424583923665","0.0029979855019666157","0.07563316516719165","0.09038379476567292","VAE-BFC","","5","2","1"
"amber-silence-1020","0.8120848648997228","0.07960984701494234","0.004502362198661458","0.0856462918325796","0.07785340627234945","VAE-BFC","","7","1","4"
"earnest-tree-933","0.8177597214161346","0.07985509851898942","0.004731495709446434","0.07042467535769009","0.07862842805423433","VAE-BFC","","4","3","1"
"morning-disco-787","0.8126652479525376","0.079906153477738","0.013645625444852276","0.007152068258660049","0.06140819111492804","VAE-BFC","","2","1","3"
"good-waterfall-670","0.8131811439994842","0.0800078316805104","0.027968545244634463","0.08290656263938412","0.03782457298439621","VAE-BFC","","0","1","1.5"
"woven-glade-542","0.8296898175017734","0.08005976883891375","0.03202376924805708","0.23372108609289888","0.13958677242601264","VAE-BFC","","7","",""
"copper-wave-622","0.8211130457212872","0.08007940247378542","0.0074304466401050595","0.04139175007568635","0.07454298022284815","VAE-BFC","","4","4","0.5"
"golden-violet-788","0.8142129360933772","0.0802111880860551","0.007821278989690247","0.06740300018257156","0.07302610361205948","VAE-BFC","","2","1","3.5"
"hardy-night-781","0.8161475462694268","0.08022864437709776","0.014932478703637314","0.039414661653266514","0.0579437179895263","VAE-BFC","","2","0.5","4"
"genial-yogurt-698","0.8311085316308764","0.08026661650266709","0.0237434412111628","0.2109787916534745","0.1282101884599951","VAE-BFC","","0","8","0"
"young-dust-912","0.8187915135100278","0.08034952450001709","0.005559239765209445","0.02783985468226763","0.0749640897814964","VAE-BFC","","4","1","2.5"
"wise-wildflower-524","0.8268523892435674","0.08051928223785598","0.02452384263815506","0.21547432789393284","0.12770877996255045","VAE-BFC","","3","",""
"solar-haze-671","0.813374605017089","0.08059171646058039","0.0213868370407765","0.03813492732957863","0.04871502740018277","VAE-BFC","","0","1","2"
"astral-disco-1101","0.8018314309666602","0.08068160697434756","0.00002340061320434128","0.1773659774396994","0.08495952449213362","VAE-BFC","","7","3","2"
"charmed-fog-722","0.820468175662604","0.08075274605289795","0.018055768774510483","0.05540931854580583","0.05438935435035738","VAE-BFC","","1","1","2"
"volcanic-dawn-863","0.814793319146192","0.08079856412433373","0.003136223571744478","0.12393143628367465","0.09028866736459296","VAE-BFC","","3","2","1.5"
"deep-morning-1041","0.8153092151931386","0.08119131190258888","0.0031246134988693053","0.04280552429241963","0.0771944594407958","VAE-BFC","","8","1","2.5"
"spring-cloud-913","0.8179531824337396","0.08131219202550832","0.009498964598060489","0.00016754986630673763","0.06739802644804532","VAE-BFC","","4","1","3"
"clean-leaf-779","0.8208550976978138","0.08133837646207231","0.0061226591566539285","0.017378387684969243","0.07159431234244992","VAE-BFC","","2","0.5","3"
"crimson-water-871","0.8083446185593602","0.08141953883031816","0.003998316599588922","0.18661819660879073","0.09263424854477414","VAE-BFC","","3","3","1.5"
"blooming-resonance-509","0.820661636680209","0.08162770040845091","0.008153038325993525","0.0659256725682737","0.07424624204532772","VAE-BFC","","8","",""
"desert-yogurt-847","0.8178886954278712","0.08169970291645068","0.01227834385739318","0.011666670518387767","0.06295299779138501","VAE-BFC","","3","1","1.5"
"jolly-snowflake-1099","0.8211130457212872","0.08182581992668281","0.01954985882632631","0.1883000506116148","0.11684276435422364","VAE-BFC","","7","3","1"
"dry-sky-1048","0.816212033275295","0.08216969009001851","0.0009760883029658746","0.06759886019870259","0.08131831111247592","VAE-BFC","","8","1.5","2"
"faithful-water-926","0.8175662603985296","0.08218190949374848","0.023189767062235286","0.0722423025280386","0.045020581717947566","VAE-BFC","","4","2","1.5"
"decent-brook-920","0.8136325530405624","0.08224343822712255","0.01705670094906632","0.027407113820668516","0.05404548418702167","VAE-BFC","","4","1.5","2.5"
"crisp-field-917","0.8244663700264396","0.08234119345696167","0.0054440413737278925","0.007037094384884035","0.07397174656123269","VAE-BFC","","4","1.5","1"
"fragrant-snowball-1095","0.8153092151931386","0.08235559020452055","0.002447138676485383","0.10793677939113532","0.08776722812981068","VAE-BFC","","8","2","2"
"helpful-sea-723","0.8198233056039208","0.0828814375094249","0.021076433019865372","0.08059090793539281","0.0476140234607296","VAE-BFC","","1","1","2.5"
"lemon-disco-911","0.8213709937447604","0.08289540254225924","0.005387073814076174","0.009414569211960988","0.07240773796462874","VAE-BFC","","4","1","2"
"mild-cosmos-998","0.8250467530792546","0.0829285694952403","0.009131171926771611","0.04268708386968545","0.06696687482949615","VAE-BFC","","6","1.5","1"
"hopeful-plant-1096","0.8189849745276326","0.08297089630846743","0.00593906360009952","0.11050838095986426","0.09338002634661112","VAE-BFC","","9","2","1.5"
"pretty-waterfall-808","0.7988650286967176","0.08308042045710629","0.02733600681830104","0.013047512520019344","0.03773250512680004","VAE-BFC","","2","3","1.5"
"drawn-meadow-716","0.8225317598503902","0.0831969458923677","0.01307089675962264","0.055728818808108094","0.060095102624408814","VAE-BFC","","1","0.5","3"
"snowy-serenity-1027","0.8092474366415168","0.08327112574419648","0.00107985708902629","0.11198050875072511","0.08351333647496519","VAE-BFC","","7","1.5","3.5"
"jumping-night-636","0.8249177790675178","0.08341252170164226","0.013474181363535086","0.1310673273138636","0.10616614011860744","VAE-BFC","","1","3.5","0.5"
"deft-galaxy-535","0.8314954536660862","0.08347187309118742","0.04093789898346293","0.2912097562553876","0.15334385015429672","VAE-BFC","","0","",""
"vibrant-pyramid-1097","0.8189204875217644","0.08364947677489287","0.008661475299780508","0.1316410411664244","0.09776876315721011","VAE-BFC","","9","2","2"
"clear-monkey-1049","0.8136325530405624","0.08369878610453707","0.0006543749882696182","0.0776171866875276","0.08057471065446788","VAE-BFC","","8","1.5","2.5"
"driven-sun-870","0.8140194750757722","0.0837022773627456","0.006810480779734909","0.05063703614686149","0.07128492304647494","VAE-BFC","","3","3","1"
"misunderstood-deluge-991","0.8217579157799704","0.08377210252691636","0.017424493620355197","0.09773819235649069","0.05133159403604504","VAE-BFC","","6","1","1.5"
"helpful-deluge-800","0.8110530728058296","0.083772534241641","0.02694559555944189","0.06569572482072167","0.03741917408768636","VAE-BFC","","2","2","1.5"
"logical-plant-1094","0.8175662603985296","0.08392832694664576","0.004835685586232874","0.0783919603796564","0.08886691815488429","VAE-BFC","","8","2","1.5"
"royal-salad-737","0.8202102276391308","0.08404920706956509","0.01661936815216245","0.04487736505302664","0.05503084489086835","VAE-BFC","","1","2","1.5"
"fiery-armadillo-536","0.8294963564841684","0.08413299726657009","0.04417638744581766","0.2980192139253583","0.15671231367896366","VAE-BFC","","1","",""
"blooming-thunder-504","0.8144063971109822","0.08428790777191997","0.00914079685765256","0.07863924087199886","0.07003599111808895","VAE-BFC","","3","",""
"jumping-terrain-744","0.8196298445863158","0.08462610933321812","0.0014828409138486764","0.07909624757630451","0.0851528388377774","VAE-BFC","","1","3","1"
"sweet-plasma-1043","0.8104726897530148","0.08464050608077689","0.011497521339674882","0.007406281848918561","0.06076976011790092","VAE-BFC","","8","1","3.5"
"gallant-brook-975","0.8191784355452376","0.08471905939046909","0.0039624035762393095","0.014220939342326376","0.07391894597337988","VAE-BFC","","5","1.5","1.5"
"apricot-valley-857","0.8116979428645128","0.08484560811542596","0.006697267530247554","0.14942905938660572","0.09306932313625656","VAE-BFC","","3","1.5","2.5"
"eager-firefly-792","0.8164054942929","0.08508213147395172","0.017687976103221606","0.05175210939504099","0.05124519478048639","VAE-BFC","","2","1.5","1.5"
"stellar-dew-914","0.8163410072870316","0.08517857278941132","0.0007924927464114662","0.046466199992142465","0.08061703746769508","VAE-BFC","","4","1","3.5"
"fallen-frog-1089","0.8319468627071646","0.0854164100623167","0.040558375927662864","0.2541477258283319","0.14961100063176758","VAE-BFC","","7","8","0"
"eternal-violet-1012","0.814793319146192","0.08545567733206005","0.004502783289387496","0.011585784376032748","0.0710012677021338","VAE-BFC","","7","0.5","4"
"dulcet-sponge-624","0.8246598310440446","0.08554470441637785","0.0155188174617421","0.13472800301358656","0.10773363997341988","VAE-BFC","","1","5","0.5"
"sandy-valley-612","0.8306571225897982","0.08559881891861021","0.0042391804948850725","0.013264171829898752","0.08803778187076705","VAE-BFC","","4","2","0.5"
"deep-leaf-851","0.8113755078351712","0.08561888426820663","0.003767919816625817","0.11178811528355216","0.08643625163352406","VAE-BFC","","3","1","3.5"
"pleasant-shadow-802","0.8128587089701426","0.08572929061650025","0.00238818597483946","0.0775501667410049","0.07703954893544591","VAE-BFC","","2","2","2.5"
"rare-sunset-814","0.8334300638421358","0.0858178859860933","0.02948525388402055","0.14957523220100438","0.12935395092740018","VAE-BFC","","2","4","0"
"major-eon-714","0.8265944412200942","0.08585323028290337","0.008292539667949517","0.06215002299477479","0.06580259652756454","VAE-BFC","","1","0.5","2"
"skilled-night-910","0.8249822660733862","0.08593570656552885","0.0004481608441449375","0.003182291943509108","0.07988085124082885","VAE-BFC","","4","1","1.5"
"lilac-firefly-1042","0.8142774230992456","0.08593613828025348","0.0027562794252183748","0.05385283806363195","0.08235647240417537","VAE-BFC","","8","1","3"
"autumn-tree-967","0.8231766299090734","0.08601643721904995","0.0023320605966398456","0.03311536443829194","0.07372998631539404","VAE-BFC","","5","1","1.5"
"stellar-terrain-786","0.8124717869349326","0.08601686893377458","0.016240687277814483","0.024198245001814167","0.05283887907186288","VAE-BFC","","2","1","2.5"
"floral-blaze-795","0.8144063971109822","0.08603432522481735","0.002434265331432095","0.06091477604938211","0.07633478403245653","VAE-BFC","","2","1.5","3"
"stoic-planet-1078","0.8299477655252466","0.08607753423769937","0.03970717110287752","0.21014913093617624","0.14457379076424054","VAE-BFC","","6","4","0"
"clear-planet-822","0.8331721158186626","0.0862036512479315","0.03617085118557493","0.2180476627371408","0.1418450721509803","VAE-BFC","","2","8","0"
"logical-leaf-844","0.8177597214161346","0.0865496987550961","0.009200170650024528","0.07864964051887308","0.09302436849427026","VAE-BFC","","3","0.5","4"
"clean-silence-759","0.8314954536660862","0.08667363842149922","0.05113719761474962","0.3226218896389474","0.166428016018193","VAE-BFC","","1","8","0"
"pious-sponge-539","0.8347842909653704","0.08670331411627197","0.03816898683646328","0.201798792254343","0.1436390533044177","VAE-BFC","","4","",""
"icy-lake-532","0.8347842909653704","0.08670331411627197","0.03816898683646328","0.201798792254343","0.1436390533044177","VAE-BFC","","4","",""
"playful-dragon-1050","0.8104082027471464","0.08677443442461685","0.009602011514304816","0.01601256739548934","0.06254585326557088","VAE-BFC","","8","1.5","3"
"peach-sponge-948","0.8333655768362674","0.08678753602800149","0.035791749220500914","0.20789876290422857","0.1404791830726083","VAE-BFC","","4","8","0"
"gallant-capybara-793","0.812536273940801","0.08679363634476378","0.0169758515296662","0.03710940659614936","0.05069796821160598","VAE-BFC","","2","1.5","2"
"sunny-pond-1060","0.8128587089701426","0.08689356891843192","0.016494845608889967","0.1904764655991236","0.10733173233491858","VAE-BFC","","5","3","1.5"
"fiery-pond-783","0.8239504739794932","0.0868966284619157","0.0031353813902923883","0.005558033496107062","0.08217798652081516","VAE-BFC","","2","1","1"
"distinctive-bee-877","0.833043141806926","0.08697867302981632","0.04442856063489894","0.23886255595587777","0.15304622977712146","VAE-BFC","","3","4","0"
"true-gorge-789","0.8151157541755336","0.0870109577831426","0.0022851390585951342","0.04350807821458863","0.07514781255216944","VAE-BFC","","2","1","4"
"woven-donkey-1044","0.808086670535887","0.08704455645084852","0.007098687303801796","0.020702230377599606","0.06494117549012103","VAE-BFC","","8","1","4"
"devoted-lake-915","0.8158251112400852","0.08711438161501928","0.004938852814113229","0.005289953710016226","0.0695703586321791","VAE-BFC","","4","1","4"
"dutiful-darkness-550","0.825949571161411","0.0873997825884647","0.002561073795788807","0.02495568594915265","0.08070343672325371","VAE-BFC","","6","",""
"splendid-microwave-559","0.825949571161411","0.0873997825884647","0.002561073795788807","0.02495568594915265","0.08070343672325371","VAE-BFC","","6","1","1"
"desert-totem-552","0.825949571161411","0.0873997825884647","0.002561073795788807","0.02495568594915265","0.08070343672325371","VAE-BFC","","6","1","1"
"faithful-grass-990","0.825949571161411","0.0873997825884647","0.002561073795788807","0.02495568594915265","0.08070343672325371","VAE-BFC","","6","1","1"
"dauntless-terrain-976","0.815373702199007","0.0874984012477531","0.0015273562191731457","0.0324607644433762","0.07521806943106495","VAE-BFC","","5","1.5","2"
"glamorous-durian-713","0.8283355903785388","0.08761535839773926","0.004640058866077268","0.026752513825752833","0.08398418707798244","VAE-BFC","","1","0.5","1.5"
"solar-lake-751","0.8331721158186626","0.08765899912534592","0.0541457103848673","0.29449084484420174","0.16847989979413214","VAE-BFC","","1","4","0"
"polished-pond-537","0.8335590378538724","0.08766249038355456","0.03563131365387883","0.21290792614864096","0.14021778919189798","VAE-BFC","","2","",""
"restful-sunset-717","0.8240149609853614","0.0876733958729049","0.00026396372941046853","0.01436017905880882","0.07697888363152121","VAE-BFC","","1","0.5","3.5"
"swept-pyramid-1059","0.8207906106919456","0.08783834843815563","0.016058354993438204","0.1331201020552013","0.1056084397751014","VAE-BFC","","5","3","1"
"colorful-vortex-995","0.8150512671696654","0.0879806078250509","0.022282436859250312","0.09620424444254431","0.04057555306128724","VAE-BFC","","6","1","3.5"
"wild-armadillo-718","0.8177597214161346","0.08800504663251063","0.008488166388105123","0.04025125546848102","0.06245508055214885","VAE-BFC","","1","0.5","4"
"whole-flower-715","0.824143934997098","0.08806265239295152","0.010773666381608302","0.08501942422932834","0.059114978807874974","VAE-BFC","","1","0.5","2.5"
"copper-fog-971","0.807054878441994","0.08829654792271824","0.01765362713114016","0.023688084546818033","0.0478274219261752","VAE-BFC","","5","1","3.5"
"mild-glade-1009","0.820274714644999","0.08831880938634906","0.01038355590183919","0.07042814190664815","0.09400100105259555","VAE-BFC","","7","0.5","2.5"
"resilient-galaxy-921","0.8138260140581672","0.08835764494136777","0.00754606612231265","0.004475892463029263","0.06425910376548716","VAE-BFC","","4","1.5","3"
"proud-donkey-647","0.8307216095956664","0.08841307335797965","0.01865341682640042","0.05823166715583522","0.10749231144230596","VAE-BFC","","4","1.5","0.5"
"peach-brook-977","0.813374605017089","0.08845059499861874","0.004720186415661298","0.027319294580397335","0.06962971002172426","VAE-BFC","","5","1.5","2.5"
"stellar-morning-1108","0.8141484490875088","0.08845757751503569","0.015679253028364183","0.16311326139859073","0.10420720639991927","VAE-BFC","","8","3","1.5"
"dutiful-frost-620","0.826981363255304","0.08847634772045809","0.014209766706112847","0.1043448569124142","0.10347276580215732","VAE-BFC","","2","4","0.5"
"VAE_BFC(121)","0.8201457406332624","0.08851169201726805","0.0036151240388904993","0.08230164984620081","0.07714952356901492","VAE-BFC","","1","",""
"cerulean-butterfly-625","0.8264009802024892","0.08876218040862816","0.024834246659066177","0.17044327917043173","0.12065459890116964","VAE-BFC","","2","5","0.5"
"silvery-snowball-992","0.8198877926097892","0.08889745727910625","0.017401032851332834","0.10589960412010896","0.04741241268428917","VAE-BFC","","6","1","2"
"volcanic-bird-560","0.8198877926097892","0.08889745727910625","0.017401032851332834","0.10589960412010896","0.04741241268428917","VAE-BFC","","6","1","2"
"major-haze-551","0.8198877926097892","0.08889745727910625","0.017401032851332834","0.10589960412010896","0.04741241268428917","VAE-BFC","","6","",""
"rural-breeze-919","0.817824208422003","0.08907288361898269","0.01014197013672695","0.05226400312451612","0.059072651994647785","VAE-BFC","","4","1.5","2"
"ruby-lion-623","0.8173727993809248","0.08916583367623376","0.004465486682223761","0.0738860244923239","0.07413191272410077","VAE-BFC","","0","5","0.5"
"fine-dew-969","0.8173083123750564","0.08926227499169326","0.0025842337857211184","0.004601265983679492","0.07130455668134661","VAE-BFC","","5","1","2.5"
"fanciful-jazz-993","0.8175017733926614","0.08926402062079752","0.020766450089680297","0.1165003108338899","0.041413849205650555","VAE-BFC","","6","1","2.5"
"VAE_BFC(s=9)","0.8195008705745792","0.08947610517186355","0.003937258444312794","0.05770070740709071","0.0743933066048111","VAE-BFC","","9","",""
"smooth-cloud-970","0.8122783259173276","0.08979902778594806","0.0054788114365353635","0.0010076102304792944","0.06571096038469312","VAE-BFC","","5","1","3"
"clean-breeze-978","0.8064100083833108","0.08984310022827946","0.01022197737467498","0.023588132385193698","0.05911236974932128","VAE-BFC","","5","1.5","3"
"super-puddle-966","0.828400077384407","0.08984747368614288","0.017216595113326336","0.013011691514119184","0.10111365130386668","VAE-BFC","","5","1","1"
"feasible-cosmos-1000","0.819436383568711","0.08986361606280602","0.012197494437993062","0.06331305017020761","0.05599176678725522","VAE-BFC","","6","1.5","2"
"silver-dawn-730","0.8252402140968594","0.08991598493593411","0.006881163865891993","0.038054041187223664","0.08859155924133982","VAE-BFC","","1","1.5","2"
"magic-shape-1056","0.8195653575804476","0.08996180300736978","0.014668454818408838","0.1126281756477247","0.1009530721964793","VAE-BFC","","5","2","1.5"
"frosty-hill-907","0.822080350809312","0.08998449618572535","0.0009072700471669664","0.02476675903093778","0.075804131554964","VAE-BFC","","4","0.5","4"
"solar-serenity-852","0.8132456310053524","0.09009882550695224","0.02110019456797776","0.1742911485138905","0.11048811130851945","VAE-BFC","","3","1","4"
"hopeful-capybara-562","0.814599858128587","0.09011104491068224","0.01979000085180639","0.09421328982429215","0.0425200900324165","VAE-BFC","","6","1","4"
"celestial-smoke-996","0.814599858128587","0.09011104491068224","0.01979000085180639","0.09421328982429215","0.0425200900324165","VAE-BFC","","6","1","4"
"fine-terrain-801","0.8163410072870316","0.09012675557262062","0.005879689807727573","0.011645871224639335","0.06742028791167613","VAE-BFC","","2","2","2"
"sunny-darkness-846","0.8213709937447604","0.09017214192933154","0.00059686602625586","0.034273191790287705","0.07442776870196632","VAE-BFC","","3","1","1"
"wise-surf-986","0.8236925259560198","0.09019308947858284","0.012404430451933818","0.0990884131756593","0.05486981529855081","VAE-BFC","","6","0.5","3"
"snowy-gorge-807","0.8262075191848842","0.0902157826569384","0.01565621335006788","0.07640447231036246","0.10224913611068054","VAE-BFC","","2","3","1"
"peachy-field-1011","0.8189849745276326","0.09024763569553984","0.009705780300365216","0.05597436602597139","0.09070454003592844","VAE-BFC","","7","0.5","3.5"
"skilled-yogurt-968","0.8197588185980524","0.09025461821195702","0.008775109639993894","0.06266884982216603","0.06022296526374522","VAE-BFC","","5","1","2"
"eager-dragon-941","0.816212033275295","0.09031963820353972","0.004457846893336996","0.08153380925198805","0.08471252735898217","VAE-BFC","","4","4","1"
"dulcet-hill-927","0.815373702199007","0.09040909700258216","0.00642006952087576","0.00788062129801459","0.06495688615205947","VAE-BFC","","4","2","2"
"playful-firefly-1010","0.818662539498291","0.09043877269735467","0.008005897195150768","0.047366347204921555","0.08779908116841224","VAE-BFC","","7","0.5","3"
"fast-river-1028","0.8002837428258206","0.09056400750793205","0.004709177900966199","0.125463650923142","0.08163513340979815","VAE-BFC","","7","1.5","4"
"zany-river-878","0.8055716773070226","0.0908057677537707","0.015082326846290336","0.20562932885301136","0.10169406359593364","VAE-BFC","","3","4","1"
"vocal-vortex-1073","0.8172438253691882","0.09081406418456728","0.015344666368614632","0.07751087918614674","0.049798575048593224","VAE-BFC","","6","2","2"
"soft-breeze-785","0.8201457406332624","0.09084024862113138","0.010142692006543032","0.06387463110141506","0.09189674840352832","VAE-BFC","","2","1","2"
"peachy-gorge-724","0.8182756174630812","0.09101742059011196","0.005397962017135258","0.028369081156533194","0.06569524972275469","VAE-BFC","","1","1","3"
"tough-serenity-864","0.8118269168762494","0.09105625614513067","0.016047045699653067","0.16908439197886793","0.10279375362100723","VAE-BFC","","3","2","2"
"worldly-flower-988","0.8183401044689496","0.09121204885013534","0.017205827221903267","0.11444406954359417","0.045287212485970674","VAE-BFC","","6","0.5","4"
"vital-universe-843","0.8205971496743406","0.09132943771484614","0.015276269203541776","0.06574021219901688","0.098340860248275","VAE-BFC","","3","0.5","3.5"
"royal-meadow-1102","0.8316889146836912","0.0916235668338129","0.052181081524608305","0.24271735839725267","0.16000571515214698","VAE-BFC","","7","4","0"
"comfy-aardvark-712","0.8309795576191398","0.09181121257741907","0.01992769751922219","0.015581559808369172","0.1046204512424956","VAE-BFC","","1","0.5","1"
"ruby-oath-994","0.8178886954278712","0.09188713805835214","0.01675760622194032","0.1040392228459442","0.04599372301806434","VAE-BFC","","6","1","3"
"wild-blaze-561","0.8178886954278712","0.09188713805835214","0.01675760622194032","0.1040392228459442","0.04599372301806434","VAE-BFC","","6","1","3"
"graceful-spaceship-909","0.8313019926484814","0.09191114515108724","0.012715135251934968","0.009022849179698976","0.09409089156636274","VAE-BFC","","4","1","1"
"amber-smoke-1031","0.827174824272909","0.09197092825535712","0.0014346561036258645","0.10164961509751402","0.07237674835547658","VAE-BFC","","8","0.5","1.5"
"confused-oath-906","0.8226607338621268","0.0920272201014184","0.005443921062091878","0.026049959903583775","0.0805297560124816","VAE-BFC","","4","0.5","3.5"
"neat-snow-815","0.8220158638034436","0.09211842452956508","0.01958547107058587","0.15065390668512407","0.10936572810509032","VAE-BFC","","2","4","1"
"earnest-snowball-1001","0.820468175662604","0.09239552907221392","0.005455350667513029","0.05020776183422038","0.0643206324988613","VAE-BFC","","6","1.5","2.5"
"super-feather-505","0.8214354807506288","0.09240425721773517","0.0036503151924240224","0.01916134936573705","0.07144769826789671","VAE-BFC","","4","",""
"fragrant-sea-1032","0.8267234152318308","0.09264601746357393","0.002480224376388701","0.08469299086911009","0.07425451970591893","VAE-BFC","","8","0.5","2"
"vocal-waterfall-1076","0.8187270265041594","0.0926708879857584","0.002376455590328286","0.001369864596597714","0.07070103826640486","VAE-BFC","","6","3","1.5"
"deep-spaceship-972","0.8046688592248662","0.09273808532117012","0.01409300426336313","0.020735162592701303","0.049207276037381384","VAE-BFC","","5","1","4"
"whole-pine-1063","0.8200167666215258","0.09277954870494776","0.0275910073308286","0.200821225448167","0.12150119147632958","VAE-BFC","","5","4","1"
"volcanic-paper-858","0.8106661507706198","0.09279219982340248","0.018447322993911754","0.16760706436457","0.1043333234101514","VAE-BFC","","3","1.5","3"
"vibrant-glitter-905","0.8248532920616496","0.09282318943255465","0.007327700502950757","0.03009542253765246","0.08304072147263823","VAE-BFC","","4","0.5","3"
"dainty-thunder-533","0.8370413361707616","0.09293316406612352","0.0696754762054865","0.35712098486966937","0.19063959137112635","VAE-BFC","","5","",""
"pleasant-dream-540","0.8370413361707616","0.09293316406612352","0.0696754762054865","0.35712098486966937","0.19063959137112635","VAE-BFC","","5","",""
"jumping-bush-796","0.8140839620816406","0.09321113203822172","0.003504016243033356","0.04890202839334701","0.07906132530188778","VAE-BFC","","2","1.5","3.5"
"warm-morning-985","0.8249822660733862","0.09321244595260124","0.010003732066949086","0.10891607947179038","0.05613228054504621","VAE-BFC","","6","0.5","2.5"
"logical-bee-797","0.8076352614948088","0.09324996759324032","0.002135591695032135","0.05165909033133276","0.06970477207320787","VAE-BFC","","2","1.5","4"
"trim-waterfall-1002","0.8171793383633198","0.09353013167937284","0.0110488792489859","0.06883930696753227","0.05426804251271333","VAE-BFC","","6","1.5","3"
"swept-star-1057","0.8179531824337396","0.09353711419579004","0.0063181655651735336","0.04440822542736772","0.08359581275759055","VAE-BFC","","5","2","2"
"dainty-paper-693","0.8073773134713356","0.09363573285507854","0.011219360837214984","0.05370839852371234","0.05819814812402495","VAE-BFC","","0","4","1"
"vivid-bee-1066","0.8357515960533952","0.09369771207338284","0.06760822151970922","0.35435698983376746","0.1869818039000808","VAE-BFC","","5","8","0"
"frosty-pond-987","0.8228541948797318","0.09377538318342005","0.012300962444963454","0.11611205735058594","0.05168376063017735","VAE-BFC","","6","0.5","3.5"
"ethereal-firebrand-934","0.8071193654478622","0.0943125676923996","0.014528652697362823","0.019323121650447084","0.04886689713225424","VAE-BFC","","4","3","1.5"
"daily-wildflower-692","0.8356226220416586","0.09476380343075064","0.055133890007252384","0.24862666885444423","0.1639314473055952","VAE-BFC","","0","4","0"
"peachy-flower-960","0.8262720061907526","0.09477645454920514","0.019261231211533364","0.007356594647186188","0.0998843530103524","VAE-BFC","","5","0.5","2"
"sweet-totem-555","0.8207906106919456","0.09482401824974518","0.0032377064367206457","0.024644852059245603","0.06759396862244825","VAE-BFC","","6","4","1"
"gentle-planet-1079","0.8207906106919456","0.09482401824974518","0.0032377064367206457","0.024644852059245603","0.06759396862244825","VAE-BFC","","6","4","1"
"colorful-haze-1077","0.8098278196943316","0.09491914565082515","0.011588416780681995","0.027735280455365885","0.05271058471780178","VAE-BFC","","6","3","2"
"northern-surf-984","0.826143032179016","0.09496933718012424","0.006569616884438745","0.11411763618337584","0.05960067664338123","VAE-BFC","","6","0.5","2"
"apricot-sky-563","0.8158251112400852","0.09497326015305751","0.0062131335069350035","0.03556679230980775","0.06118520107451168","VAE-BFC","","6","1","5"
"still-sun-959","0.8302702005545882","0.0952006236513373","0.017411800742755917","0.03786164772005074","0.09594989271138284","VAE-BFC","","5","0.5","1.5"
"polar-breeze-842","0.8242084220029664","0.0955340200400474","0.02206449233061445","0.05668558632053561","0.10539678693876008","VAE-BFC","","3","0.5","3"
"sage-meadow-1008","0.8245953440381764","0.09553751129825594","0.031999887388308695","0.117517165194924","0.12189654831313854","VAE-BFC","","7","0.5","2"
"decent-flower-506","0.8195008705745792","0.09587963583248726","0.008187387298074958","0.02721818690245359","0.06019766302683602","VAE-BFC","","5","",""
"ethereal-dawn-672","0.8071838524537306","0.09596254382983738","0.012748341263474308","0.02112168280152621","0.05012761674964536","VAE-BFC","","0","1","2.5"
"fearless-armadillo-1051","0.8081511575417554","0.09597127197535882","0.004031101520402203","0.005025340472883499","0.06307344619957961","VAE-BFC","","8","1.5","3.5"
"dainty-lion-983","0.8299477655252466","0.09626496937960084","0.003675761103440575","0.08604321168827861","0.07499070593278516","VAE-BFC","","6","0.5","1.5"
"smart-puddle-1004","0.8131811439994842","0.09630772790755272","0.013047435990600292","0.07783557927188606","0.04819049400965787","VAE-BFC","","6","1.5","4"
"lyric-durian-1007","0.827368285290514","0.09633871751670486","0.04296827815280252","0.13762777121701286","0.1375357520795229","VAE-BFC","","7","0.5","1.5"
"still-shadow-1035","0.8204036886567356","0.09656694444443405","0.0005507866696632252","0.08039504791926178","0.06763323589219161","VAE-BFC","","8","0.5","3.5"
"hardy-durian-964","0.8166634423163732","0.09663021880691236","0.0020328455578778326","0.0359481126951956","0.07090133512846572","VAE-BFC","","5","0.5","4"
"autumn-breeze-1036","0.8185980524924228","0.09664767509795512","0.010670619465363962","0.126133850388369","0.049919886886237275","VAE-BFC","","8","0.5","4"
"distinctive-hill-776","0.8300767395369832","0.09694529547513042","0.03291810579435276","0.05637128588167045","0.1204329040049274","VAE-BFC","","2","0.5","1.5"
"breezy-spaceship-904","0.825949571161411","0.09700507857940031","0.012174755538786788","0.03767445407631492","0.08681589780839456","VAE-BFC","","4","0.5","2.5"
"eternal-wind-963","0.817630747404398","0.0975121556788825","0.001895569981188075","0.08046206786578447","0.0630127808956549","VAE-BFC","","5","0.5","3.5"
"lucky-brook-922","0.8120848648997228","0.09765616069488205","0.0009300089463732536","0.015526672783199746","0.06623157080228477","VAE-BFC","","4","1.5","3.5"
"vibrant-star-840","0.8249177790675178","0.09767493090030432","0.01112960835674999","0.04018076897300027","0.08459949318192936","VAE-BFC","","3","0.5","2"
"atomic-totem-1034","0.8209840717095506","0.09802752920916136","0.005983458593787974","0.06761099312005586","0.074697890728198","VAE-BFC","","8","0.5","3"
"deep-galaxy-940","0.8386535113174696","0.0980899401421903","0.04738052693609095","0.1458527363781959","0.14698831490893766","VAE-BFC","","4","4","0"
"sunny-forest-902","0.8318178886954278","0.09812528443900036","0.016769216294815488","0.049168374904958845","0.09346685731689448","VAE-BFC","","4","0.5","1.5"
"sleek-dew-901","0.8333010898303992","0.09823569078729422","0.02349962968078436","0.030152042837300996","0.10361414298939774","VAE-BFC","","4","0.5","1"
"morning-sea-778","0.8242729090088348","0.09863934405489971","0.03336674788504175","0.10646811814923264","0.12112676341856646","VAE-BFC","","2","0.5","2.5"
"ruby-frog-777","0.8280131553491972","0.09886713926790414","0.0424635106839139","0.13486377618111106","0.13564183835241744","VAE-BFC","","2","0.5","2"
"celestial-salad-503","0.8213065067388922","0.09900067050927808","0.0084679540332551","0.06849207431356552","0.08625341106250588","VAE-BFC","","2","",""
"fancy-sponge-961","0.8256916231379378","0.0991372612941358","0.02023768044940727","0.009667049527740557","0.09747681138207236","VAE-BFC","","5","0.5","2.5"
"absurd-glade-982","0.832849680789321","0.09920184957099376","0.010750927482402016","0.08745351935605383","0.08329687846603576","VAE-BFC","","6","0.5","1"
"floral-universe-841","0.8254336751144644","0.09923195698049114","0.025521647191421117","0.03960012202252333","0.10712400247151048","VAE-BFC","","3","0.5","2.5"
"stellar-dew-803","0.8051847552718128","0.09924329418456612","0.012497311034935135","0.10561592486370686","0.087375794265935","VAE-BFC","","2","2","3"
"solar-pine-1003","0.8187915135100278","0.09926904690640548","0.0023994952686245963","0.04969760137922424","0.06390301419842158","VAE-BFC","","6","1.5","3.5"
"drawn-fire-1030","0.832269297736506","0.09948768225916392","0.017595697078400363","0.07531019835593145","0.09225544702914762","VAE-BFC","","8","0.5","1"
"zesty-sky-958","0.8329786548010576","0.0995911060910405","0.02532559938053945","0.03773107437596346","0.10456284548205472","VAE-BFC","","5","0.5","1"
"swift-tree-662","0.8209840717095506","0.09977394666205874","0.0013208412959584417","0.09735513869662382","0.06272869383658906","VAE-BFC","","0","0.5","2.5"
"crimson-sky-903","0.826981363255304","0.0998280611642911","0.022925322086280765","0.008316828708571866","0.10105037694138826","VAE-BFC","","4","0.5","2"
"true-elevator-962","0.8225962468562584","0.09998253995491624","0.01045183275527603","0.05129510269073534","0.08092424941984112","VAE-BFC","","5","0.5","3"
"gentle-disco-1033","0.823499064938415","0.10008770941589716","0.007809428293543058","0.0970922587339701","0.07494182831786564","VAE-BFC","","8","0.5","2.5"
"swift-feather-1074","0.8373637712001032","0.10030983602686404","0.0613121932955619","0.19428851393668228","0.16585895970040648","VAE-BFC","","6","3","0"
"valiant-armadillo-568","0.8373637712001032","0.10030983602686404","0.0613121932955619","0.19428851393668228","0.16585895970040648","VAE-BFC","","6","3","0"
"divine-sea-507","0.8215644547623654","0.10036132270033736","0.012391015704518477","0.08959064678870454","0.049329901789404995","VAE-BFC","","6","",""
"logical-sunset-1006","0.8274972593022506","0.1008029480935122","0.05723338821148091","0.17629943587693292","0.15555064443558575","VAE-BFC","","7","0.5","1"
"prime-lake-775","0.8303346875604566","0.10121664342101856","0.039085941970329226","0.05746382656162258","0.1260509391090407","VAE-BFC","","2","0.5","1"
"woven-serenity-564","0.8102792287354098","0.10152079582968077","0.010658046899400704","0.07244336236760673","0.04766246936092444","VAE-BFC","","6","1","6"
"tough-haze-839","0.8266589282259624","0.10176561561900332","0.01820477473571143","0.04313369092711694","0.09175186118787394","VAE-BFC","","3","0.5","1.5"
"gallant-frost-1062","0.8350422389888438","0.1023263755059931","0.08568570654451987","0.355903070669067","0.20482693851830475","VAE-BFC","","5","4","0"
"genial-grass-683","0.7991874637260592","0.10239094501264567","0.01799627467050252","0.010983182615488083","0.03777920539789063","VAE-BFC","","0","2","2"
"vibrant-dawn-1052","0.801380021925582","0.10260477519281597","0.0003787410301659827","0.0129856923969337","0.062054486828027125","VAE-BFC","","8","1.5","4"
"glorious-fire-661","0.8236925259560198","0.10270908122434752","0.011497401028038867","0.0584257938974872","0.08075056870906899","VAE-BFC","","0","0.5","2"
"desert-dew-1098","0.8405236344876508","0.10315202053190176","0.08126383283035049","0.29815845364184085","0.19722596260276828","VAE-BFC","","7","3","0"
"fresh-pond-660","0.8265944412200942","0.10331740481187723","0.018193465441926293","0.04763096044205428","0.09060329354788078","VAE-BFC","","0","0.5","1.5"
"hopeful-wave-546","0.8296898175017734","0.10334533487754571","0.0602800397702144","0.2693040556311777","0.16489892000367443","VAE-BFC","","6","",""
"confused-plasma-806","0.8403301734700458","0.10344134447828046","0.06012965022519933","0.16538269544980788","0.1619943245656077","VAE-BFC","","2","3","0"
"gentle-serenity-932","0.8417488875991488","0.10510354001944822","0.06463195226804277","0.16570566226106814","0.16730383380319538","VAE-BFC","","4","3","0"
"cosmic-deluge-743","0.8414264525698072","0.10529467702126294","0.07548640791323318","0.24182414428238969","0.18557270580882673","VAE-BFC","","1","3","0"
"grateful-lake-1106","0.8403301734700458","0.1063520402331094","0.04669059985937977","0.04320764397155574","0.1357491851572273","VAE-BFC","","8","3","0"
"rare-lion-1058","0.839169407364416","0.10750584476041536","0.08138949833416509","0.25023976963626654","0.19145562605185884","VAE-BFC","","5","3","0"
"hearty-thunder-869","0.8416844005932804","0.10752853793877092","0.07063935287739714","0.19467503414550724","0.17538177940871674","VAE-BFC","","3","3","0"
"flowing-thunder-838","0.8289804604372218","0.10760795467791252","0.033607190689611856","0.013197151883376113","0.11073465795674074","VAE-BFC","","3","0.5","1"
"gallant-wind-772","0.8277552073257238","0.1076939222187464","0.034111958158500474","0.026043026805667613","0.11001418239181296","VAE-BFC","","2","0","3.5"
"winter-water-686","0.8408460695169924","0.10820013588877908","0.07879401541047684","0.23180408451908577","0.18729643008336863","VAE-BFC","","0","3","0"
"dry-bush-770","0.8305281485780616","0.1087861980126782","0.039785915068647405","0.019102995791609567","0.11803626786599772","VAE-BFC","","2","0","2.5"
"prime-star-773","0.8276907203198556","0.10895464183613757","0.034468020445278184","0.03272364440602993","0.10933560192538762","VAE-BFC","","2","0","4"
"smooth-totem-897","0.8291739214548268","0.1090650481844312","0.02692243556950957","0.06375099085524383","0.0984132944709995","VAE-BFC","","4","0","3"
"dry-flower-771","0.8299477655252466","0.10936310027633112","0.03609920560632974","0.032337124197205025","0.1120481781619847","VAE-BFC","","2","0","3"
"laced-hill-654","0.832656219771716","0.10967860865927392","0.02021548295256305","0.09927387354491612","0.08874821537579396","VAE-BFC","","0","0","3"
"silvery-shape-893","0.8374927452118398","0.10972224938688067","0.03930418727805511","0.04498713910336549","0.11793458966322534","VAE-BFC","","4","0","1"
"cool-darkness-659","0.831044044625008","0.10976108494189928","0.030713034129523663","0.0478198873602691","0.10453099244345317","VAE-BFC","","0","0.5","1"
"iconic-gorge-861","0.8428451666989102","0.10986756831725976","0.07478475045201081","0.15851488420570958","0.17741969815182174","VAE-BFC","","3","2","0"
"restful-oath-710","0.828593538402012","0.11109729832549876","0.03357326280825646","0.017053687599229983","0.10845497896779711","VAE-BFC","","1","0","4"
"winter-shadow-709","0.8293673824724318","0.1111042808419158","0.033125462899019555","0.01885224875030911","0.10807270496416747","VAE-BFC","","1","0","3.5"
"skilled-durian-798","0.8431676017282518","0.11113177919285933","0.0673078635204051","0.11836589193149176","0.16493687335903823","VAE-BFC","","2","2","0"
"noble-elevator-707","0.833688011865609","0.11133731294223304","0.03511228925612278","0.04274370416933404","0.11053653843850886","VAE-BFC","","1","0","2.5"
"happy-sun-898","0.8265944412200942","0.11146735292539844","0.02832364503832406","0.060155601827564575","0.09813968118655927","VAE-BFC","","4","0","3.5"
"wild-morning-896","0.8306571225897982","0.111795080712071","0.03103432635349388","0.06991624817717301","0.10227618397669402","VAE-BFC","","4","0","2.5"
"frosty-brook-899","0.827174824272909","0.11234579853915994","0.028852294366961073","0.05585245905427921","0.09883920920223584","VAE-BFC","","4","0","4"
"olive-snowball-769","0.8321403237247694","0.11248762621133046","0.04580504606251296","0.00028252374008275183","0.12544086989240655","VAE-BFC","","2","0","2"
"legendary-bush-1086","0.8443928548397498","0.11250115952943995","0.08384800646025362","0.21709609504815036","0.19174494999823744","VAE-BFC","","7","2","0"
"wandering-shape-708","0.8307216095956664","0.1125718481230602","0.03670870435436686","0.02919180877591532","0.11162008608691933","VAE-BFC","","1","0","3"
"stoic-sun-653","0.8343973689301606","0.11289608465152424","0.02894445308014632","0.09201260899407682","0.0990883836792163","VAE-BFC","","0","0","2.5"
"worldly-shadow-853","0.84361901076933","0.1130763161639886","0.07257925769645568","0.10995373312657292","0.17011851995728955","VAE-BFC","","3","1.5","0"
"earnest-wave-735","0.8449087508866964","0.1131849768831782","0.07441737887144798","0.12646201702306636","0.17392337198781843","VAE-BFC","","1","2","0"
"charmed-bush-658","0.8425872186754368","0.11345509890940976","0.07658810156419564","0.14714460362323695","0.17694272846183684","VAE-BFC","","0","0.5","0"
"avid-frog-565","0.8076997485006772","0.11352839656158364","0.003558998660690864","0.0739258898053417","0.04911040300719713","VAE-BFC","","6","1","7"
"hopeful-sea-835","0.8296898175017734","0.11353277001944706","0.05960015871511023","0.10968565334048214","0.14831230888880725","VAE-BFC","","3","0","3.5"
"still-donkey-923","0.7953182433739602","0.11370774587439324","0.009166663859395165","0.048243961849473216","0.06808229428671361","VAE-BFC","","4","1.5","4"
"distinctive-terrain-719","0.8472302830979558","0.1137880635833951","0.0636898520022503","0.05496791131181156","0.1564626887170531","VAE-BFC","","1","1","0"
"volcanic-sea-836","0.8282711033726704","0.11390806150665966","0.05827937757496979","0.11096885421312808","0.14600469983419526","VAE-BFC","","3","0","4"
"vague-wave-895","0.8331076288127942","0.11395170223426632","0.03647872866212979","0.06419759791267532","0.1092478887554494","VAE-BFC","","4","0","2"
"balmy-water-834","0.8301412265428516","0.11402195911316182","0.05995622100188794","0.10557490403436964","0.14840525894605822","VAE-BFC","","3","0","3"
"stellar-fire-706","0.833043141806926","0.1140481435497258","0.038913776019195954","0.048524174556917266","0.113229912754959","VAE-BFC","","1","0","2"
"chocolate-armadillo-1021","0.8447152898690914","0.11405643998052262","0.0805856361381505","0.1704623451897011","0.18394760019357337","VAE-BFC","","7","1.5","0"
"trim-river-705","0.8347842909653704","0.11406385421166432","0.04322129352333588","0.021801704155467783","0.12100282375216331","VAE-BFC","","1","0","1.5"
"northern-eon-1045","0.8426517056813052","0.11423186632039883","0.06275863993951694","0.04179906957825963","0.1524527346518752","VAE-BFC","","8","1.5","0"
"colorful-durian-711","0.8474237441155608","0.1143719483634652","0.06281687077134676","0.04237798325425757","0.15432177785679618","VAE-BFC","","1","0.5","0"
"denim-capybara-837","0.8438769587928032","0.11472803793053088","0.07755282041755837","0.13250016754986632","0.1770199678571494","VAE-BFC","","3","0.5","0"
"good-valley-894","0.8331076288127942","0.114824910960715","0.037707772179811035","0.06124294268407959","0.11051384526015336","VAE-BFC","","4","0","1.5"
"graceful-jazz-804","0.79609208744438","0.11487900669274208","0.017839087518052764","0.1082389469086472","0.08248478552844192","VAE-BFC","","2","2","3.5"
"earthy-eon-1037","0.8427806796930418","0.11491219241592854","0.06358554181382786","0.038009553808928453","0.1529297043418601","VAE-BFC","","8","1","0"
"fine-river-900","0.8460050299864578","0.11503830942616068","0.06612489935931647","0.069098720381228","0.15929090818925667","VAE-BFC","","4","0.5","0"
"mild-dream-790","0.8422647836460954","0.11539265336412197","0.07193625215778919","0.1047487098660294","0.16723749989723313","VAE-BFC","","2","1.5","0"
"drawn-hill-674","0.84323208873412","0.1154013815096433","0.07604856403249954","0.13693041711828097","0.17482800203814397","VAE-BFC","","0","1.5","0"
"sage-river-727","0.8465209260334042","0.11543105720441592","0.07699024320756596","0.11689203086615192","0.17594863961246882","VAE-BFC","","1","1.5","0"
"fine-glade-656","0.8281421293609338","0.11555629201499318","0.042807421495454384","0.009857709720434316","0.11792542980297928","VAE-BFC","","0","0","4"
"devoted-dragon-667","0.8432965757399884","0.11559600976966666","0.07816189807486945","0.14521720240254948","0.17792634353657924","VAE-BFC","","0","1","0"
"fearless-totem-845","0.8442638808280132","0.115604737915188","0.0740495862001591","0.10147455437513142","0.17031838510462569","VAE-BFC","","3","1","0"
"sparkling-microwave-1054","0.8431676017282518","0.11578889240058576","0.08199815490075013","0.16641514928115325","0.1839406176771563","VAE-BFC","","5","2","0"
"worthy-durian-1029","0.8439414457986716","0.11579587491700284","0.06279341000232443","0.03447598490433479","0.15169167790282445","VAE-BFC","","8","0.5","0"
"crisp-grass-924","0.8455536209453796","0.11600446820986032","0.07045503545102667","0.08901173311270677","0.165306927958938","VAE-BFC","","4","2","0"
"efficient-sun-767","0.8361385180886052","0.11611356064377454","0.056923405281295816","0.016871693778931274","0.14005762302902988","VAE-BFC","","2","0","1"
"hopeful-snowflake-704","0.83671890114142","0.11611879753108734","0.048630925769164314","0.023983318966413817","0.12727325488613786","VAE-BFC","","1","0","1"
"polar-jazz-649","0.8434900367575934","0.11617989454973664","0.07599075429139573","0.11541296997737505","0.1730466720031612","VAE-BFC","","0","0","0"
"ruby-thunder-916","0.8460050299864578","0.1164936573035752","0.07094891471685619","0.0852222173433756","0.1655927606471081","VAE-BFC","","4","1.5","0"
"fresh-haze-989","0.84361901076933","0.11715129022074922","0.06541193260430898","0.032613870355690966","0.1540010325865407","VAE-BFC","","6","1","0"
"splendid-feather-566","0.84361901076933","0.11715129022074922","0.06541193260430898","0.032613870355690966","0.1540010325865407","VAE-BFC","","6","1","0"
"expert-surf-1013","0.843812471786935","0.11715303584985348","0.0739578485776999","0.09781214540092951","0.16897693483371343","VAE-BFC","","7","1","0"
"treasured-tree-768","0.8333010898303992","0.1171552131936825","0.05623432038603672","0.02444899204311457","0.13805155732452645","VAE-BFC","","2","0","1.5"
"azure-glitter-833","0.8318178886954278","0.11733587642087172","0.06092093985525067","0.07377971699094299","0.14644152005478195","VAE-BFC","","3","0","2.5"
"eternal-meadow-1070","0.8416199135874122","0.11752134482064902","0.07145368218574481","0.08419323006098817","0.16393056510594037","VAE-BFC","","6","2","0"
"wise-brook-567","0.8416199135874122","0.11752134482064902","0.07145368218574481","0.08419323006098817","0.16393056510594037","VAE-BFC","","6","2","0"
"light-oath-832","0.8316889146836912","0.11752875905179085","0.06378074744325743","0.08367266995911787","0.1505025290787084","VAE-BFC","","3","0","2"
"genial-bee-680","0.84323208873412","0.11772993811350652","0.08508793818099394","0.17328816034868855","0.1872458068393448","VAE-BFC","","0","2","0"
"azure-totem-831","0.8321403237247694","0.11801794814550548","0.06367727943628705","0.07333137665903255","0.1496171009485298","VAE-BFC","","3","0","1.5"
"olive-frog-908","0.8469078480686142","0.11805417464197054","0.072373163863967","0.07700071873115066","0.1663607999125759","VAE-BFC","","4","1","0"
"charmed-wind-1005","0.8447797768749596","0.11832604229730648","0.07610595268287729","0.10532762354202736","0.1718998499922723","VAE-BFC","","7","0.5","0"
"sparkling-water-655","0.8280131553491972","0.11865987040074122","0.03991368602609223","0.0229647313309006","0.11177762442102832","VAE-BFC","","0","0","3.5"
"clear-totem-657","0.825949571161411","0.11883529674061766","0.04609241040512778","0.00022417016595521755","0.12008205132517462","VAE-BFC","","0","0","4.5"
"swift-elevator-981","0.8429741407106468","0.1189889121017934","0.06373508917739085","0.01655392679110812","0.1496489539871314","VAE-BFC","","6","0.5","0"
"treasured-waterfall-782","0.8427161926871736","0.11908360778814864","0.0744634582280406","0.10172876796538992","0.16842447137752023","VAE-BFC","","2","1","0"
"breezy-pond-973","0.8432965757399884","0.11908884467546156","0.07991916983046166","0.1277452178957123","0.17714433923827727","VAE-BFC","","5","1.5","0"
"visionary-universe-652","0.8327851937834526","0.11938209159477342","0.04670148806243885","0.02899768203426334","0.12130960398958464","VAE-BFC","","0","0","2"
"expert-surf-651","0.8344618559360288","0.11978531314765428","0.04994039761551962","0.026554920535142745","0.12594227838985125","VAE-BFC","","0","0","1.5"
"honest-eon-965","0.84323208873412","0.1203495642928526","0.07650767323552159","0.09164515480452128","0.1698518891892664","VAE-BFC","","5","1","0"
"dainty-sun-774","0.8441349068162766","0.12045473375383352","0.07588770737515141","0.0918375482716942","0.16938190201569858","VAE-BFC","","2","0.5","0"
"summer-universe-997","0.843425549751725","0.12064237949743972","0.07002943303863399","0.042312696582213816","0.15848097382528642","VAE-BFC","","6","1.5","0"
"earnest-flower-957","0.8441349068162766","0.1207458033293164","0.07434825983655904","0.06807146637331951","0.16576295009967168","VAE-BFC","","5","0.5","0"
"robust-moon-650","0.83671890114142","0.12194018904074531","0.05378838482591147","0.024691072712019868","0.13059764596847334","VAE-BFC","","0","0","1"
"jolly-oath-830","0.8337524988714774","0.12404793294802108","0.06842086646515269","0.04513331191776426","0.15114794259215258","VAE-BFC","","3","0","1"
"smooth-resonance-1109","0.753466176565422","0.18561238602308935","0.008174333485567654","0.02113959330447624","0.011131764176695057","VAE-BFC","","8","3","2"
"helpful-shadow-979","0.761785000322435","0.1909267004332651","0.00027521286737759634","0.00256986829424992","0.00046125902804647866","VAE-BFC","","5","1.5","3.5"
"fine-flower-859","0.759334494099439","0.1910986355149329","0.0007456313641847657","0.00012884006960830292","0.00014182767217055334","VAE-BFC","","3","1.5","3.5"
"restful-music-725","0.7629457664280648","0.19151931335885652","0.0003217133146962588","0.00032123353678124","0.00029630646279570717","VAE-BFC","","1","1","3.5"
"royal-surf-726","0.763203714451538","0.19171568724798416","0.0002986736363999486","0","0.0002928152045871679","VAE-BFC","","1","1","4"
"noble-jazz-731","0.763203714451538","0.19171568724798416","0.0002986736363999486","0","0.0002928152045871679","VAE-BFC","","1","1.5","2.5"
"neat-firebrand-866","0.7628812794221964","0.191906824249799","0.00003434897208144422","0","0.00010167820277235182","VAE-BFC","","3","2","3"
"summer-smoke-678","0.7634616624750112","0.1919120611371118","0","0.00032123353678124","0.00009644131545954288","VAE-BFC","","0","1.5","2.5"
"electric-cloud-951","0.763397175469143","0.1920085024525714","0","0","0","VAE-BFC","","4","8","2"
"peachy-cloud-1068","0.763397175469143","0.1920085024525714","0","0","0","VAE-BFC","","5","8","1.5"
"ethereal-totem-887","0.763397175469143","0.1920085024525714","0","0","0","VAE-BFC","","3","8","1.5"
"visionary-mountain-1061","0.763397175469143","0.1920085024525714","0","0","0","VAE-BFC","","5","3","2"
"decent-sky-556","0.763397175469143","0.1920085024525714","0","0","0","VAE-BFC","","6","5","1"
"ethereal-plasma-936","0.763397175469143","0.1920085024525714","0","0","0","VAE-BFC","","4","3","2.5"
"daily-yogurt-819","0.763397175469143","0.1920085024525714","0","0","0","VAE-BFC","","2","4","3"
"prime-jazz-950","0.763397175469143","0.1920085024525714","0","0","0","VAE-BFC","","4","8","1.5"
"zany-monkey-880","0.763397175469143","0.1920085024525714","0","0","0","VAE-BFC","","3","4","2"
"zany-monkey-548","0.763397175469143","0.1920085024525714","0","0","0","VAE-BFC","","6","",""
"worthy-breeze-756","0.763397175469143","0.1920085024525714","0","0","0","VAE-BFC","","1","4","3"
"woven-planet-762","0.763397175469143","0.1920085024525714","0","0","0","VAE-BFC","","1","8","2"
"amber-sun-757","0.763397175469143","0.1920085024525714","0","0","0","VAE-BFC","","1","4","3.5"
"revived-grass-679","0.763397175469143","0.1920085024525714","0","0","0","VAE-BFC","","0","1.5","3"
"visionary-sea-665","0.763397175469143","0.1920085024525714","0","0","0","VAE-BFC","","0","0.5","4"
"swept-fog-703","0.763397175469143","0.1920085024525714","0","0","0","VAE-BFC","","0","8","3"
"hopeful-lion-699","0.763397175469143","0.1920085024525714","0","0","0","VAE-BFC","","0","8","1"
"playful-thunder-1081","0.763397175469143","0.1920085024525714","0","0","0","VAE-BFC","","6","4","2"
"wandering-waterfall-673","0.763397175469143","0.1920085024525714","0","0","0","VAE-BFC","","0","1","3"
"peachy-donkey-690","0.763397175469143","0.1920085024525714","0","0","0","VAE-BFC","","0","3","2.5"
"snowy-eon-929","0.763397175469143","0.1920085024525714","0","0","0","VAE-BFC","","4","2","3"
"treasured-brook-813","0.763397175469143","0.1920085024525714","0","0","0","VAE-BFC","","2","3","4"
"lunar-moon-980","0.763397175469143","0.1920085024525714","0","0","0","VAE-BFC","","5","1.5","4"
"fine-sky-1064","0.763397175469143","0.1920085024525714","0","0","0","VAE-BFC","","5","4","1.5"
"azure-glade-890","0.763397175469143","0.1920085024525714","0","0","0","VAE-BFC","","3","8","3"
"smooth-terrain-685","0.763397175469143","0.1920085024525714","0","0","0","VAE-BFC","","0","2","3"
"feasible-sponge-828","0.763397175469143","0.1920085024525714","0","0","0","VAE-BFC","","2","8","3.5"
"robust-wave-755","0.763397175469143","0.1920085024525714","0","0","0","VAE-BFC","","1","4","2.5"
"ancient-haze-818","0.763397175469143","0.1920085024525714","0","0","0","VAE-BFC","","2","4","2.5"
"stellar-shape-947","0.763397175469143","0.1920085024525714","0","0","0","VAE-BFC","","4","4","4"
"copper-blaze-952","0.763397175469143","0.1920085024525714","0","0","0","VAE-BFC","","4","8","2.5"
"generous-vortex-763","0.763397175469143","0.1920085024525714","0","0","0","VAE-BFC","","1","8","2.5"
"rose-sun-760","0.763397175469143","0.1920085024525714","0","0","0","VAE-BFC","","1","8","1"
"ancient-plasma-876","0.763397175469143","0.1920085024525714","0","0","0","VAE-BFC","","3","3","4"
"trim-spaceship-888","0.763397175469143","0.1920085024525714","0","0","0","VAE-BFC","","3","8","2"
"rare-terrain-702","0.763397175469143","0.1920085024525714","0","0","0","VAE-BFC","","0","8","2.5"
"celestial-durian-884","0.763397175469143","0.1920085024525714","0","0","0","VAE-BFC","","3","4","4"
"proud-music-748","0.763397175469143","0.1920085024525714","0","0","0","VAE-BFC","","1","3","3"
"pretty-sun-701","0.763397175469143","0.1920085024525714","0","0","0","VAE-BFC","","0","8","2"
"stellar-voice-875","0.763397175469143","0.1920085024525714","0","0","0","VAE-BFC","","3","3","3.5"
"royal-firefly-558","0.763397175469143","0.1920085024525714","0","0","0","VAE-BFC","","6","7","1"
"youthful-sponge-949","0.763397175469143","0.1920085024525714","0","0","0","VAE-BFC","","4","8","1"
"fancy-frog-754","0.763397175469143","0.1920085024525714","0","0","0","VAE-BFC","","1","4","2"
"splendid-star-955","0.763397175469143","0.1920085024525714","0","0","0","VAE-BFC","","4","8","4"
"pleasant-fog-868","0.763397175469143","0.1920085024525714","0","0","0","VAE-BFC","","3","2","4"
"splendid-dew-812","0.763397175469143","0.1920085024525714","0","0","0","VAE-BFC","","2","3","3.5"
"zesty-donkey-664","0.763397175469143","0.1920085024525714","0","0","0","VAE-BFC","","0","0.5","3.5"
"chocolate-plasma-883","0.763397175469143","0.1920085024525714","0","0","0","VAE-BFC","","3","4","3.5"
"sweet-bird-1080","0.763397175469143","0.1920085024525714","0","0","0","VAE-BFC","","6","4","1.5"
"drawn-night-930","0.763397175469143","0.1920085024525714","0","0","0","VAE-BFC","","4","2","3.5"
"fine-meadow-874","0.763397175469143","0.1920085024525714","0","0","0","VAE-BFC","","3","3","3"
"easy-breeze-1105","0.763397175469143","0.1920085024525714","0","0","0","VAE-BFC","","7","4","2"
"glamorous-cherry-891","0.763397175469143","0.1920085024525714","0","0","0","VAE-BFC","","3","8","3.5"
"vibrant-snow-697","0.763397175469143","0.1920085024525714","0","0","0","VAE-BFC","","0","4","3"
"fearless-elevator-695","0.763397175469143","0.1920085024525714","0","0","0","VAE-BFC","","0","4","2"
"glowing-snow-931","0.763397175469143","0.1920085024525714","0","0","0","VAE-BFC","","4","2","4"
"expert-pine-1065","0.763397175469143","0.1920085024525714","0","0","0","VAE-BFC","","5","4","2"
"sunny-snowflake-935","0.763397175469143","0.1920085024525714","0","0","0","VAE-BFC","","4","3","2"
"woven-brook-820","0.763397175469143","0.1920085024525714","0","0","0","VAE-BFC","","2","4","3.5"
"cool-pine-666","0.763397175469143","0.1920085024525714","0","0","0","VAE-BFC","","0","0.5","4.5"
"soft-morning-750","0.763397175469143","0.1920085024525714","0","0","0","VAE-BFC","","1","3","4"
"deft-eon-879","0.763397175469143","0.1920085024525714","0","0","0","VAE-BFC","","3","4","1.5"
"twilight-firefly-937","0.763397175469143","0.1920085024525714","0","0","0","VAE-BFC","","4","3","3"
"divine-capybara-881","0.763397175469143","0.1920085024525714","0","0","0","VAE-BFC","","3","4","2.5"
"magic-spaceship-892","0.763397175469143","0.1920085024525714","0","0","0","VAE-BFC","","3","8","4"
"devoted-yogurt-805","0.763397175469143","0.1920085024525714","0","0","0","VAE-BFC","","2","2","4"
"denim-vortex-1084","0.763397175469143","0.1920085024525714","0","0","0","VAE-BFC","","6","8","1.5"
"light-dew-696","0.763397175469143","0.1920085024525714","0","0","0","VAE-BFC","","0","4","2.5"
"stilted-spaceship-873","0.763397175469143","0.1920085024525714","0","0","0","VAE-BFC","","3","3","2.5"
"vocal-moon-889","0.763397175469143","0.1920085024525714","0","0","0","VAE-BFC","","3","8","2.5"
"devout-music-684","0.763397175469143","0.1920085024525714","0","0","0","VAE-BFC","","0","2","2.5"
"usual-moon-946","0.763397175469143","0.1920085024525714","0","0","0","VAE-BFC","","4","4","3.5"
"distinctive-sun-700","0.763397175469143","0.1920085024525714","0","0","0","VAE-BFC","","0","8","1.5"
"lunar-totem-1085","0.763397175469143","0.1920085024525714","0","0","0","VAE-BFC","","6","8","2"
"charmed-field-821","0.763397175469143","0.1920085024525714","0","0","0","VAE-BFC","","2","4","4"
"bumbling-universe-954","0.763397175469143","0.1920085024525714","0","0","0","VAE-BFC","","4","8","3.5"
"dashing-hill-764","0.763397175469143","0.1920085024525714","0","0","0","VAE-BFC","","1","8","3"
"proud-donkey-557","0.763397175469143","0.1920085024525714","0","0","0","VAE-BFC","","6","6","1"
"gentle-thunder-944","0.763397175469143","0.1920085024525714","0","0","0","VAE-BFC","","4","4","2.5"
"giddy-eon-826","0.763397175469143","0.1920085024525714","0","0","0","VAE-BFC","","2","8","2.5"
"stellar-fire-943","0.763397175469143","0.1920085024525714","0","0","0","VAE-BFC","","4","4","2"
"sandy-shape-691","0.763397175469143","0.1920085024525714","0","0","0","VAE-BFC","","0","3","3"
"sage-aardvark-689","0.763397175469143","0.1920085024525714","0","0","0","VAE-BFC","","0","3","2"
"splendid-glitter-1067","0.763397175469143","0.1920085024525714","0","0","0","VAE-BFC","","5","8","1"
"dainty-energy-939","0.763397175469143","0.1920085024525714","0","0","0","VAE-BFC","","4","3","4"
"summer-dust-765","0.763397175469143","0.1920085024525714","0","0","0","VAE-BFC","","1","8","3.5"
"wobbly-star-816","0.763397175469143","0.1920085024525714","0","0","0","VAE-BFC","","2","4","1.5"
"bumbling-sound-860","0.763397175469143","0.1920085024525714","0","0","0","VAE-BFC","","3","1.5","4"
"misty-water-766","0.763397175469143","0.1920085024525714","0","0","0","VAE-BFC","","1","8","4"
"fanciful-gorge-829","0.763397175469143","0.1920085024525714","0","0","0","VAE-BFC","","2","8","4"
"giddy-pond-953","0.763397175469143","0.1920085024525714","0","0","0","VAE-BFC","","4","8","3"
"efficient-tree-752","0.763397175469143","0.1920085024525714","0","0","0","VAE-BFC","","1","4","1"
"upbeat-planet-761","0.763397175469143","0.1920085024525714","0","0","0","VAE-BFC","","1","8","1.5"
"vibrant-aardvark-938","0.763397175469143","0.1920085024525714","0","0","0","VAE-BFC","","4","3","3.5"
"clean-sunset-809","0.763397175469143","0.1920085024525714","0","0","0","VAE-BFC","","2","3","2"
"avid-pyramid-942","0.763397175469143","0.1920085024525714","0","0","0","VAE-BFC","","4","4","1.5"
"still-surf-825","0.763397175469143","0.1920085024525714","0","0","0","VAE-BFC","","2","8","2"
"flowing-darkness-663","0.763397175469143","0.1920085024525714","0","0","0","VAE-BFC","","0","0.5","3"
"stilted-lake-867","0.763397175469143","0.1920085024525714","0","0","0","VAE-BFC","","3","2","3.5"
"fresh-cosmos-827","0.763397175469143","0.1920085024525714","0","0","0","VAE-BFC","","2","8","3"
"firm-morning-1083","0.763397175469143","0.1920085024525714","0","0","0","VAE-BFC","","6","8","1"
"polished-galaxy-823","0.763397175469143","0.1920085024525714","0","0","0","VAE-BFC","","2","8","1"
"zany-lion-749","0.763397175469143","0.1920085024525714","0","0","0","VAE-BFC","","1","3","3.5"
"cosmic-pyramid-1069","0.763397175469143","0.1920085024525714","0","0","0","VAE-BFC","","5","8","2"
"iconic-paper-817","0.763397175469143","0.1920085024525714","0","0","0","VAE-BFC","","2","4","2"
"laced-silence-886","0.763397175469143","0.1920085024525714","0","0","0","VAE-BFC","","3","8","1"
"celestial-feather-824","0.763397175469143","0.1920085024525714","0","0","0","VAE-BFC","","2","8","1.5"
"sparkling-night-694","0.763397175469143","0.1920085024525714","0","0","0","VAE-BFC","","0","4","1.5"
"lyric-cloud-758","0.763397175469143","0.1920085024525714","0","0","0","VAE-BFC","","1","4","4"
"dutiful-microwave-882","0.763397175469143","0.1920085024525714","0","0","0","VAE-BFC","","3","4","3"
"glorious-mountain-753","0.763397175469143","0.1920085024525714","0","0","0","VAE-BFC","","1","4","1.5"
"revived-fire-945","0.763397175469143","0.1920085024525714","0","0","0","VAE-BFC","","4","4","3"
"comfy-wind-865","0.7600438511639904","0.19207526807325837","0.0011708126858513994","0.0011560940775166568","0.00006327436247841912","VAE-BFC","","3","2","2.5"
"swift-totem-688","0.7629457664280648","0.19210145250982236","0.00039041125885914735","0.00032123353678124","0.0002858326881700893","VAE-BFC","","0","3","1.5"
"zesty-smoke-746","0.7633326884632746","0.1921049437680309","0.0001378169790518192","0","0.00009644131545954288","VAE-BFC","","1","3","2"
"glamorous-flower-810","0.7633326884632746","0.1921049437680309","0.0001378169790518192","0","0.00009644131545954288","VAE-BFC","","2","3","2.5"
"swift-elevator-732","0.7633326884632746","0.1921049437680309","0.0001378169790518192","0","0.00009644131545954288","VAE-BFC","","1","1.5","3"
"fast-snowflake-1104","0.7633326884632746","0.1921049437680309","0.0001378169790518192","0","0.00009644131545954288","VAE-BFC","","7","4","1.5"
"rural-water-747","0.7633326884632746","0.1921049437680309","0.0001378169790518192","0","0.00009644131545954288","VAE-BFC","","1","3","2.5"
"happy-grass-733","0.7633326884632746","0.1921049437680309","0.0001378169790518192","0","0.00009644131545954288","VAE-BFC","","1","1.5","3.5"
"dark-snowball-738","0.7633326884632746","0.1921049437680309","0.0001378169790518192","0","0.00009644131545954288","VAE-BFC","","1","2","2"
"fragrant-terrain-734","0.7633326884632746","0.1921049437680309","0.0001378169790518192","0","0.00009644131545954288","VAE-BFC","","1","1.5","4"
"flowing-surf-811","0.7633326884632746","0.1921049437680309","0.0001378169790518192","0","0.00009644131545954288","VAE-BFC","","2","3","3"
"giddy-monkey-741","0.7633326884632746","0.1921049437680309","0.0001378169790518192","0","0.00009644131545954288","VAE-BFC","","1","2","3.5"
"glad-sky-928","0.7633326884632746","0.1921049437680309","0.0001378169790518192","0","0.00009644131545954288","VAE-BFC","","4","2","2.5"
"toasty-bee-745","0.7633326884632746","0.1921049437680309","0.0001378169790518192","0","0.00009644131545954288","VAE-BFC","","1","3","1.5"
"lemon-planet-742","0.7633326884632746","0.1921049437680309","0.0001378169790518192","0","0.00009644131545954288","VAE-BFC","","1","2","4"
"dainty-sea-872","0.7632682014574064","0.1922013850834904","0.0002756339581036384","0","0.0001928826309190857","VAE-BFC","","3","3","2"
"polar-wildflower-740","0.7632682014574064","0.1922013850834904","0.0002756339581036384","0","0.0001928826309190857","VAE-BFC","","1","2","3"
"splendid-rain-739","0.7632682014574064","0.1922013850834904","0.0002756339581036384","0","0.0001928826309190857","VAE-BFC","","1","2","2.5"